{"episode_rewards": [-100.25262044887273, -182.94853880806662, -119.80277756038595, -188.31486654167998], "episode_lengths": [1, 71, 40, 72], "mpc_usage": [1, 71, 40, 72], "ppo_usage": [0, 0, 0, 0], "collisions": [1, 1, 1, 1], "mpc_failures": [0, 0, 0, 0], "best_reward": 55.665646800161106, "last_save_time": 1738248338.7332597, "total_steps": 186}