{"episode_rewards": [-18.54406490392978, -5.51477519331099, -193.95066079815183, -133.6879898445466, -126.04697839847253], "episode_lengths": [16, 19, 79, 39, 35], "mpc_usage": [16, 19, 79, 39, 35], "ppo_usage": [0, 0, 0, 0, 0], "collisions": [0, 0, 1, 1, 1], "mpc_failures": [0, 0, 0, 0, 0], "best_reward": 55.665646800161106, "last_save_time": 1738329769.8107705, "total_steps": 189}